cluster_id|numero_de_perguntas|Keywords
1|5.0|as-5 com-5 da-5 de-5 em-5 enviar-5 favor-5 para-5 resposta-5 ser-5
2|41.0|0800-41 19h30-41 642-41 7h30-41 9782-41 acessar-41 agência-41 anvisa-41 anvisa_oficial-41 apenas-41
3|2.0|0800-2 19h30-2 241521-2 642-2 7h30-2 9782-2 acessando-2 acessar-2 agência-2 alimentos-2
4|1.0|0800-1 19h30-1 2018-1 241521-1 28-1 642-1 7h30-1 9782-1 acessando-1 acessar-1
5|2.0|0800-1 19h30-1 241521-1 642-1 7h30-1 9782-1 acessando-1 acessar-1 agência-1 anvisa-1
6|3.0|0800-3 19h30-3 241521-3 642-3 7h30-3 9782-3 acessando-3 acessar-3 agência-3 anvisa-3
7|2.0|0800-2 19h30-2 241521-2 642-2 7h30-2 9782-2 acessando-2 acessar-2 agência-2 alimentos-2
8|6.0|0800-5 642-5 9782-5 anvisa-5 as-5 br-5 da-5 de-5 favor-5 gov-5
9|4.0|0800-4 19h30-4 241521-4 642-4 7h30-4 9782-4 acessando-4 acessar-4 agência-4 anvisa-4
10|2.0|0800-2 19h30-2 241521-2 267-2 642-2 7h30-2 9782-2 acessando-2 acessar-2 aditivo-2
11|2.0|0800-2 19h30-2 241521-2 642-2 7h30-2 9782-2 acessando-2 acessar-2 agência-2 alimentos-2
12|5.0|0800-5 19h30-5 241521-5 642-5 7h30-5 9782-5 acessando-5 acessar-5 agência-5 anvisa-5
13|2.0|0800-2 19h30-2 241521-2 642-2 7h30-2 9782-2 acessando-2 acessar-2 agência-2 alimentos-2
14|1.0|0800-1 19h30-1 2018-1 241521-1 28-1 4109-1 642-1 7h30-1 9782-1 acessando-1
15|2.0|0800-2 19h30-2 241521-2 642-2 7h30-2 9782-2 acessando-2 acessar-2 agência-2 anvisa-2
16|3.0|as-3 atenciosamente-3 com-3 da-3 de-3 do-3 em-3 enviar-3 favor-3 no-3
17|4.0|0800-4 19h30-4 241521-4 642-4 7h30-4 9782-4 acessando-4 acessar-4 agência-4 anvisa-4
18|46.0|0800-46 19h30-46 241521-46 642-46 7h30-46 9782-46 acessando-46 acessar-46 agência-46 alimentos-46
19|1.0|000-1 0800-1 10-1 116-1 13-1 16-1 18-1 19h30-1 2013-1 2015-1
20|4.0|0800-4 19h30-4 241521-4 642-4 7h30-4 9782-4 acessando-4 acessar-4 agência-4 anvisa-4
21|24.0|0800-24 19h30-24 241521-24 642-24 7h30-24 9782-24 acessando-24 acessar-24 agência-24 anvisa-24
22|9.0|0800-9 19h30-9 241521-9 642-9 7h30-9 9782-9 acessando-9 acessar-9 agência-9 anvisa-9
23|3.0|de-3 ldquo-3 rdquo-3 segunda-3 0800-2 19h30-2 2002-2 241521-2 642-2 7h30-2
24|4.0|0800-4 19h30-4 241521-4 642-4 7h30-4 9782-4 acessando-4 acessar-4 agência-4 anvisa-4
25|6.0|0800-6 19h30-6 241521-6 642-6 7h30-6 9782-6 acessando-6 acessar-6 agência-6 anvisa-6
26|9.0|0800-9 19h30-9 241521-9 642-9 7h30-9 9782-9 acessando-9 acessar-9 agência-9 anvisa-9
27|13.0|de-13 as-10 com-10 da-10 do-10 enviar-10 favor-10 ldquo-10 ou-10 por-10
28|3.0|0800-3 19h30-3 241521-3 642-3 7h30-3 9782-3 acessando-3 acessar-3 agência-3 alimentos-3
29|4.0|0800-4 19h30-4 241521-4 642-4 7h30-4 9782-4 acessando-4 acessar-4 agência-4 anvisa-4
30|8.0|as-8 atenciosamente-8 com-8 da-8 de-8 enviar-8 favor-8 no-8 ou-8 para-8
31|3.0|0800-3 19h30-3 241521-3 642-3 7h30-3 9782-3 acessando-3 acessar-3 agência-3 alimentos-3
32|2.0|anvisa-2 as-2 atenciosamente-2 atendimento-2 com-2 como-2 da-2 de-2 em-2 enviar-2
33|3.0|0800-3 19h30-3 241521-3 642-3 7h30-3 9782-3 acessando-3 acessar-3 agência-3 anvisa-3
34|8.0|agência-8 anvisa-8 as-8 com-8 da-8 de-8 em-8 enviar-8 está-8 favor-8
35|7.0|com-6 das-6 de-6 para-6 que-6 ser-6 anvisa-5 as-5 br-5 da-5
36|5.0|0800-5 19h30-5 241521-5 642-5 7h30-5 9782-5 acessando-5 acessar-5 agência-5 anvisa-5
37|7.0|0800-7 19h30-7 241521-7 642-7 7h30-7 9782-7 acessando-7 acessar-7 agência-7 anvisa-7
38|3.0|0800-3 19h30-3 241521-3 642-3 7h30-3 9782-3 acessando-3 acessar-3 agência-3 anvisa-3
39|3.0|0800-3 19h30-3 241521-3 642-3 7h30-3 9782-3 acessando-3 acessar-3 agência-3 anvisa-3
40|2.0|0800-2 19h30-2 241521-2 642-2 7h30-2 9782-2 acessando-2 acessar-2 agência-2 anvisa-2
41|2.0|0800-2 19h30-2 241521-2 642-2 7h30-2 9782-2 acessando-2 acessar-2 agência-2 anvisa-2
42|4.0|de-3 do-3 ldquo-3 rdquo-3 segunda-3 0800-2 19h30-2 241521-2 642-2 7h30-2
43|22.0|0800-22 19h30-22 241521-22 642-22 7h30-22 9782-22 acessando-22 acessar-22 agência-22 anvisa-22
44|8.0|agência-8 anvisa-8 as-8 com-8 da-8 de-8 em-8 enviar-8 está-8 favor-8
45|80.0|de-79 para-78 resposta-78 as-77 com-77 da-77 em-77 enviar-77 favor-77 ldquo-77
46|4.0|0800-4 19h30-4 241521-4 642-4 7h30-4 9782-4 acessando-4 acessar-4 agência-4 anvisa-4
47|5.0|0800-5 19h30-5 241521-5 642-5 7h30-5 9782-5 acessando-5 acessar-5 agência-5 anvisa-5
48|26.0|para-26 anvisa-25 apenas-25 as-25 atenciosamente-25 atenção-25 com-25 da-25 de-25 em-25
49|10.0|0800-10 19h30-10 241521-10 642-10 7h30-10 9782-10 acessando-10 acessar-10 agência-10 anvisa-10
50|60.0|0800-57 19h30-57 241521-57 642-57 7h30-57 9782-57 acessando-57 acessar-57 agência-57 anvisa-57
51|4.0|0800-4 19h30-4 241521-4 642-4 7h30-4 9782-4 acessando-4 acessar-4 agência-4 anvisa-4
52|9.0|0800-9 19h30-9 241521-9 642-9 7h30-9 9782-9 acessando-9 acessar-9 agência-9 anvisa-9
53|4.0|0800-4 19h30-4 241521-4 642-4 7h30-4 9782-4 acessando-4 acessar-4 agência-4 anvisa-4
54|8.0|0800-8 19h30-8 241521-8 642-8 7h30-8 9782-8 acessando-8 acessar-8 agência-8 anvisa-8
55|70.0|de-60 resposta-59 ldquo-55 rdquo-55 para-53 segunda-51 as-50 atenciosamente-50 com-50 da-50
56|4.0|para-3 resposta-3 ao-2 atenciosamente-2 br-2 com-2 contato-2 controle-2 da-2 de-2
57|4.0|de-3 ldquo-3 rdquo-3 segunda-3 02-2 0800-2 19h30-2 241521-2 642-2 7h30-2
58|62.0|de-62 ldquo-59 rdquo-59 com-55 em-55 segunda-55 apenas-54 resposta-54 sanitária-54 ser-54
59|6.0|0800-6 19h30-6 241521-6 642-6 7h30-6 9782-6 acessando-6 acessar-6 agência-6 anvisa-6
60|8.0|0800-8 19h30-8 241521-8 642-8 7h30-8 9782-8 acessando-8 acessar-8 agência-8 anvisa-8
61|4.0|0800-4 19h30-4 241521-4 642-4 7h30-4 9782-4 acessando-4 acessar-4 agência-4 anvisa-4
62|6.0|de-6 ldquo-6 rdquo-6 sanitária-6 0800-5 19h30-5 241521-5 642-5 7h30-5 9782-5
63|3.0|0800-3 19h30-3 241521-3 642-3 7h30-3 9782-3 acessando-3 acessar-3 agência-3 anvisa-3
64|6.0|0800-5 19h30-5 241521-5 642-5 7h30-5 9782-5 acessando-5 acessar-5 agência-5 anvisa-5
65|5.0|0800-5 19h30-5 241521-5 642-5 7h30-5 9782-5 acessando-5 acessar-5 agência-5 anvisa-5
66|8.0|de-8 ldquo-8 rdquo-8 segunda-8 0800-7 19h30-7 241521-7 642-7 7h30-7 9782-7
67|7.0|0800-7 19h30-7 241521-7 642-7 7h30-7 9782-7 acessando-7 acessar-7 agência-7 anvisa-7
68|4.0|de-4 17-3 anvisa-3 as-3 br-3 com-3 cópia-3 da-3 do-3 em-3
69|11.0|de-10 ldquo-10 para-10 rdquo-10 resposta-10 segunda-10 0800-9 19h30-9 241521-9 642-9
70|10.0|as-10 com-10 da-10 de-10 em-10 enviar-10 favor-10 no-10 ou-10 para-10
71|11.0|de-11 ldquo-10 rdquo-10 segunda-10 as-9 atenção-9 com-9 da-9 em-9 enviar-9
72|16.0|0800-16 19h30-16 642-16 7h30-16 9782-16 acessar-16 agência-16 anvisa-16 anvisa_oficial-16 apenas-16
73|30.0|de-30 anvisa-29 as-29 atenciosamente-29 com-29 da-29 em-29 enviar-29 favor-29 ldquo-29
74|11.0|de-11 ldquo-11 rdquo-11 segunda-11 0800-10 19h30-10 241521-10 642-10 7h30-10 9782-10
75|7.0|0800-7 19h30-7 241521-7 642-7 7h30-7 9782-7 acessando-7 acessar-7 agência-7 anvisa-7
76|2.0|0800-2 19h30-2 241521-2 642-2 7h30-2 9782-2 acessando-2 acessar-2 agência-2 anvisa-2
77|10.0|as-10 atenciosamente-10 com-10 de-10 enviar-10 favor-10 prezado-10 que-10 resposta-10 senhor-10
78|22.0|de-22 ldquo-22 rdquo-22 atenciosamente-20 atenção-20 da-20 em-20 ou-20 para-20 prezado-20
79|7.0|0800-7 19h30-7 241521-7 642-7 7h30-7 9782-7 acessando-7 acessar-7 agência-7 anvisa-7
80|12.0|as-12 com-12 da-12 de-12 enviar-12 favor-12 que-12 resposta-12 anvisa-11 em-11
81|20.0|anvisa-20 as-20 atenciosamente-20 com-20 da-20 de-20 em-20 enviar-20 favor-20 ou-20
82|17.0|de-17 as-16 atenciosamente-16 com-16 da-16 enviar-16 favor-16 ldquo-16 ou-16 que-16
83|62.0|de-61 as-60 com-60 da-60 em-60 enviar-60 favor-60 no-60 ou-60 que-60
84|4.0|0800-4 19h30-4 241521-4 642-4 7h30-4 9782-4 acessando-4 acessar-4 agência-4 alimentos-4
85|23.0|de-23 ldquo-22 rdquo-22 anvisa-21 as-21 br-21 com-21 contato-21 da-21 em-21
86|13.0|0800-12 19h30-12 241521-12 642-12 7h30-12 9782-12 acessando-12 acessar-12 agência-12 anvisa-12
87|16.0|de-16 ldquo-16 rdquo-16 segunda-16 0800-14 19h30-14 241521-14 642-14 7h30-14 9782-14
88|6.0|0800-6 19h30-6 241521-6 642-6 7h30-6 9782-6 acessando-6 acessar-6 agência-6 anvisa-6
89|8.0|0800-8 19h30-8 241521-8 642-8 7h30-8 9782-8 acessando-8 acessar-8 agência-8 anvisa-8
90|10.0|de-9 para-9 br-8 caso-8 da-8 endereço-8 favor-8 gov-8 ldquo-8 no-8
91|5.0|0800-5 19h30-5 241521-5 642-5 7h30-5 9782-5 acessando-5 acessar-5 agência-5 anvisa-5
92|2.0|0800-2 19h30-2 241521-2 328-2 642-2 7h30-2 9782-2 acessando-2 acessar-2 acima-2
93|11.0|0800-11 19h30-11 241521-11 642-11 7h30-11 9782-11 acessando-11 acessar-11 agência-11 anvisa-11
94|6.0|0800-6 19h30-6 241521-6 642-6 7h30-6 9782-6 acessando-6 acessar-6 agência-6 anvisa-6
95|4.0|0800-4 19h30-4 241521-4 642-4 7h30-4 9782-4 acessando-4 acessar-4 agência-4 anvisa-4
96|4.0|0800-4 19h30-4 241521-4 642-4 7h30-4 9782-4 acessando-4 acessar-4 agência-4 anvisa-4
97|2.0|0800-2 19h30-2 241521-2 642-2 7h30-2 9782-2 acessando-2 acessar-2 agência-2 anvisa-2
98|5.0|0800-5 19h30-5 642-5 7h30-5 9782-5 acessar-5 agência-5 anvisa-5 anvisa_oficial-5 ao-5
99|12.0|as-12 com-12 da-12 de-12 em-12 enviar-12 favor-12 informamos-12 que-12 resposta-12
100|12.0|0800-12 19h30-12 241521-12 642-12 7h30-12 9782-12 acessando-12 acessar-12 agência-12 anvisa-12
101|4.0|0800-4 19h30-4 241521-4 642-4 7h30-4 9782-4 acessando-4 acessar-4 agência-4 anvisa-4
102|5.0|0800-5 19h30-5 241521-5 642-5 7h30-5 9782-5 acessando-5 acessar-5 agência-5 anvisa-5
103|4.0|0800-4 19h30-4 241521-4 642-4 7h30-4 9782-4 acessando-4 acessar-4 agência-4 anvisa-4
104|2.0|0800-2 19h30-2 241521-2 642-2 7h30-2 9782-2 acessando-2 acessar-2 agência-2 anvisa-2
105|5.0|0800-5 19h30-5 241521-5 642-5 7h30-5 9782-5 acessando-5 acessar-5 agência-5 anvisa-5
106|4.0|0800-4 19h30-4 241521-4 642-4 7h30-4 9782-4 acessando-4 acessar-4 agência-4 alimentos-4
107|4.0|0800-4 19h30-4 241521-4 642-4 7h30-4 9782-4 acessando-4 acessar-4 agência-4 anvisa-4
108|5.0|de-4 ldquo-4 rdquo-4 segunda-4 0800-3 19h30-3 241521-3 642-3 7h30-3 9782-3
109|34.0|0800-34 19h30-34 241521-34 642-34 7h30-34 9782-34 acessando-34 acessar-34 agência-34 anvisa-34
110|16.0|anvisa-16 atenciosamente-16 atenção-16 caso-16 de-16 em-16 endereço-16 ldquo-16 no-16 para-16
111|1.0|0800-1 19h30-1 241521-1 642-1 7h30-1 9782-1 acessando-1 acessar-1 agência-1 anvisa-1
112|5.0|anvisa-5 as-5 atenção-5 com-5 da-5 de-5 do-5 em-5 enviar-5 exceto-5
113|6.0|anvisa-6 atenciosamente-6 da-6 de-6 do-6 em-6 favor-6 informamos-6 para-6 que-6
114|3.0|0800-3 19h30-3 241521-3 642-3 7h30-3 9782-3 acessando-3 acessar-3 agência-3 anvisa-3
115|2.0|0800-2 19h30-2 241521-2 642-2 7h30-2 9782-2 acessando-2 acessar-2 agência-2 anvisa-2
116|5.0|0800-5 19h30-5 241521-5 642-5 7h30-5 9782-5 acessando-5 acessar-5 agência-5 anvisa-5
117|10.0|0800-10 19h30-10 241521-10 642-10 7h30-10 9782-10 acessando-10 acessar-10 agência-10 anvisa-10
118|5.0|0800-5 19h30-5 241521-5 642-5 7h30-5 9782-5 acessando-5 acessar-5 agência-5 anvisa-5
119|7.0|de-7 ldquo-7 rdquo-7 do-6 sanitária-6 segunda-6 0800-5 19h30-5 241521-5 642-5
120|7.0|0800-7 19h30-7 241521-7 642-7 7h30-7 9782-7 acessando-7 acessar-7 agência-7 anvisa-7
121|2.0|0800-2 19h30-2 241521-2 642-2 7h30-2 9782-2 acessando-2 acessar-2 agência-2 anvisa-2
122|4.0|0800-4 19h30-4 241521-4 642-4 7h30-4 9782-4 acessando-4 acessar-4 agência-4 anvisa-4
123|7.0|0800-7 19h30-7 241521-7 642-7 7h30-7 9782-7 acessando-7 acessar-7 agência-7 anvisa-7
124|10.0|0800-10 19h30-10 241521-10 642-10 7h30-10 9782-10 acessando-10 acessar-10 agência-10 anvisa-10
125|2.0|alimento-2 de-2 farofa-2 ldquo-2 pronta-2 rdquo-2 segunda-2 02-1 04-1 05-1
126|12.0|0800-12 19h30-12 241521-12 642-12 7h30-12 9782-12 acessando-12 acessar-12 agência-12 anvisa-12
127|5.0|0800-5 19h30-5 241521-5 642-5 7h30-5 9782-5 acessando-5 acessar-5 agência-5 anvisa-5
128|5.0|0800-5 19h30-5 241521-5 642-5 7h30-5 9782-5 acessando-5 acessar-5 agência-5 alimentos-5
129|5.0|0800-5 19h30-5 241521-5 642-5 7h30-5 9782-5 acessando-5 acessar-5 agência-5 alimentos-5
130|32.0|de-32 ldquo-32 rdquo-32 sanitária-32 0800-31 19h30-31 241521-31 642-31 7h30-31 9782-31
131|460.0|de-459 da-457 as-456 com-456 em-456 enviar-456 favor-456 anvisa-455 ldquo-455 ou-455
132|5.0|0800-5 19h30-5 241521-5 642-5 7h30-5 9782-5 acessando-5 acessar-5 agência-5 anvisa-5
133|2.0|0800-2 19h30-2 241521-2 642-2 7h30-2 9782-2 acessando-2 acessar-2 agência-2 alimentos-2
134|33.0|0800-33 19h30-33 241521-33 642-33 7h30-33 9782-33 acessando-33 acessar-33 agência-33 anvisa-33
135|8.0|de-8 ldquo-8 rdquo-8 segunda-8 0800-7 19h30-7 241521-7 642-7 7h30-7 9782-7
136|8.0|0800-8 19h30-8 241521-8 642-8 7h30-8 9782-8 acessando-8 acessar-8 agência-8 anvisa-8
137|4.0|0800-4 19h30-4 642-4 7h30-4 9782-4 acessar-4 agência-4 alimentares-4 anvisa-4 anvisa_oficial-4
138|7.0|anvisa-7 as-7 com-7 da-7 de-7 do-7 no-7 não-7 ou-7 para-7
139|3.0|0800-3 19h30-3 241521-3 642-3 7h30-3 9782-3 acessando-3 acessar-3 agência-3 alimentos-3
140|6.0|0800-6 19h30-6 241521-6 642-6 7h30-6 9782-6 acessando-6 acessar-6 agência-6 anvisa-6
141|9.0|da-9 de-9 este-9 favor-9 não-9 0800-8 19h30-8 241521-8 642-8 7h30-8
142|5.0|0800-5 19h30-5 241521-5 642-5 7h30-5 9782-5 acessando-5 acessar-5 agência-5 anvisa-5
143|9.0|0800-9 19h30-9 241521-9 642-9 7h30-9 9782-9 acessando-9 acessar-9 agência-9 anvisa-9
144|11.0|0800-11 19h30-11 241521-11 642-11 7h30-11 9782-11 acessando-11 acessar-11 agência-11 anvisa-11
145|16.0|de-16 anvisa-15 as-15 br-15 contato-15 da-15 favor-15 gov-15 ldquo-15 no-15
146|23.0|anvisa-23 atenção-23 com-23 da-23 de-23 em-23 este-23 favor-23 para-23 0800-22
147|8.0|de-8 as-7 com-7 da-7 enviar-7 favor-7 para-7 que-7 resposta-7 anvisa-6
148|18.0|resposta-18 atenção-17 da-17 de-17 em-17 favor-17 para-17 que-17 sua-17 anvisa-16
149|12.0|para-12 resposta-12 0800-11 19h30-11 241521-11 642-11 7h30-11 9782-11 acessando-11 acessar-11
150|9.0|0800-9 19h30-9 241521-9 642-9 7h30-9 9782-9 acessando-9 acessar-9 agência-9 anvisa-9
151|36.0|com-36 da-36 de-36 que-36 as-35 em-35 enviar-35 favor-35 ou-35 podem-35
152|11.0|de-10 para-10 0800-8 19h30-8 241521-8 642-8 7h30-8 9782-8 acessando-8 acessar-8
153|19.0|0800-19 19h30-19 241521-19 642-19 7h30-19 9782-19 acessando-19 acessar-19 agência-19 anvisa-19
154|17.0|para-17 resposta-17 0800-16 19h30-16 241521-16 642-16 7h30-16 9782-16 acessando-16 acessar-16
155|61.0|0800-61 19h30-61 241521-61 642-61 7h30-61 9782-61 acessando-61 acessar-61 agência-61 anvisa-61
156|15.0|de-15 ldquo-15 rdquo-15 segunda-15 0800-14 19h30-14 241521-14 642-14 7h30-14 9782-14
157|75.0|de-75 para-74 as-73 ldquo-73 rdquo-73 ser-73 com-72 da-72 enviar-72 favor-72
158|10.0|para-10 resposta-10 0800-9 19h30-9 241521-9 642-9 7h30-9 9782-9 acessando-9 acessar-9
159|3.0|0800-3 19h30-3 241521-3 642-3 7h30-3 9782-3 acessando-3 acessar-3 agência-3 anvisa-3
160|15.0|de-15 ldquo-14 rdquo-14 segunda-14 anvisa-13 da-13 em-13 enviar-13 favor-13 informamos-13
161|2.0|0800-2 19h30-2 241521-2 642-2 7h30-2 9782-2 acessando-2 acessar-2 agência-2 anvisa-2
162|3.0|0800-3 19h30-3 241521-3 642-3 7h30-3 9782-3 acessando-3 acessar-3 agência-3 anvisa-3
163|20.0|as-19 com-19 da-19 de-19 enviar-19 está-19 favor-19 no-19 ou-19 para-19
164|5.0|0800-5 19h30-5 241521-5 642-5 7h30-5 9782-5 acessando-5 acessar-5 agência-5 anvisa-5
165|10.0|0800-10 19h30-10 241521-10 642-10 7h30-10 9782-10 acessando-10 acessar-10 agência-10 anvisa-10
166|14.0|0800-14 19h30-14 241521-14 642-14 7h30-14 9782-14 acessando-14 acessar-14 agência-14 anvisa-14
167|71.0|de-71 ldquo-70 rdquo-70 segunda-70 as-69 com-69 da-69 enviar-69 favor-69 para-69
168|10.0|0800-10 19h30-10 241521-10 642-10 7h30-10 9782-10 acessando-10 acessar-10 agência-10 anvisa-10
169|4.0|0800-4 19h30-4 241521-4 642-4 7h30-4 9782-4 acessando-4 acessar-4 agência-4 anvisa-4
170|3.0|0800-3 19h30-3 241521-3 642-3 7h30-3 9782-3 acessando-3 acessar-3 agência-3 anvisa-3
171|10.0|0800-10 19h30-10 241521-10 642-10 7h30-10 9782-10 acessar-10 agência-10 anvisa-10 anvisa_oficial-10
172|41.0|0800-41 19h30-41 241521-41 642-41 7h30-41 9782-41 acessando-41 acessar-41 agência-41 anvisa-41
173|29.0|de-29 ldquo-29 rdquo-29 segunda-29 0800-28 19h30-28 642-28 7h30-28 9782-28 acessar-28
174|10.0|de-10 do-10 ldquo-10 rdquo-10 segunda-9 anvisa-7 as-7 br-7 com-7 da-7
175|47.0|0800-47 19h30-47 642-47 7h30-47 9782-47 acessar-47 agência-47 anvisa-47 anvisa_oficial-47 apenas-47
176|8.0|as-8 com-8 da-8 de-8 enviar-8 favor-8 para-8 que-8 resposta-8 0800-7
177|30.0|as-30 atenciosamente-30 br-30 com-30 da-30 de-30 enviar-30 favor-30 gov-30 https-30
178|6.0|0800-5 19h30-5 241521-5 642-5 7h30-5 9782-5 acessando-5 acessar-5 agência-5 anvisa-5
179|19.0|de-19 ldquo-19 rdquo-19 segunda-19 0800-17 19h30-17 241521-17 642-17 7h30-17 9782-17
180|7.0|0800-7 19h30-7 241521-7 642-7 7h30-7 9782-7 acessando-7 acessar-7 agência-7 anvisa-7
181|26.0|0800-26 19h30-26 241521-26 642-26 7h30-26 9782-26 acessando-26 acessar-26 agência-26 anvisa-26
182|61.0|no-61 para-61 apenas-60 as-60 atenciosamente-60 caso-60 com-60 da-60 de-60 em-60
183|25.0|0800-25 19h30-25 241521-25 642-25 7h30-25 9782-25 acessando-25 acessar-25 agência-25 anvisa-25
184|30.0|de-30 ldquo-30 as-29 com-29 da-29 em-29 endereço-29 enviar-29 favor-29 ou-29
185|44.0|de-42 da-40 ldquo-40 resposta-40 em-39 para-39 que-39 rdquo-39 as-38 com-38
186|45.0|de-45 ldquo-44 rdquo-44 as-42 com-42 da-42 enviar-42 favor-42 no-42 para-42
187|4.0|alimentos-4 de-4 do-4 ldquo-4 rdquo-4 0800-2 19h30-2 2019-2 241521-2 642-2
188|3.0|0800-3 241521-3 642-3 9782-3 acessando-3 acessar-3 agência-3 anvisa-3 anvisa_oficial-3 apenas-3
189|4.0|0800-4 19h30-4 2017-4 241521-4 642-4 7h30-4 9782-4 acessando-4 acessar-4 agência-4
190|19.0|0800-18 19h30-18 241521-18 642-18 7h30-18 9782-18 acessando-18 acessar-18 agência-18 anvisa-18
191|2.0|0800-2 19h30-2 241521-2 642-2 7h30-2 9782-2 acessando-2 acessar-2 agência-2 anvisa-2
192|6.0|0800-6 19h30-6 241521-6 642-6 7h30-6 9782-6 acessando-6 acessar-6 agência-6 alanina-6
193|14.0|de-14 da-13 favor-13 ldquo-13 rdquo-13 segunda-13 0800-12 19h30-12 241521-12 642-12
194|10.0|0800-9 19h30-9 241521-9 642-9 7h30-9 9782-9 acessando-9 acessar-9 agência-9 anvisa-9
195|6.0|alimentos-6 as-6 com-6 da-6 de-6 do-6 em-6 enviar-6 está-6 favor-6
196|8.0|0800-8 19h30-8 241521-8 642-8 7h30-8 9782-8 acessando-8 acessar-8 agência-8 anvisa-8
197|7.0|0800-7 19h30-7 241521-7 642-7 7h30-7 9782-7 acessando-7 acessar-7 agência-7 anvisa-7
198|18.0|de-18 em-18 ldquo-18 rdquo-18 segunda-18 0800-17 19h30-17 241521-17 642-17 7h30-17
199|23.0|0800-23 19h30-23 241521-23 642-23 7h30-23 9782-23 acessando-23 acessar-23 agência-23 anvisa-23
200|8.0|0800-8 19h30-8 241521-8 642-8 7h30-8 9782-8 acessando-8 acessar-8 agência-8 anvisa-8
201|9.0|de-9 ldquo-9 rdquo-9 segunda-9 0800-8 19h30-8 241521-8 642-8 7h30-8 9782-8
202|10.0|as-10 com-10 da-10 de-10 em-10 enviar-10 favor-10 para-10 que-10 resposta-10
203|24.0|de-24 com-23 da-23 enviar-23 as-22 favor-22 ldquo-22 para-22 rdquo-22 resposta-22
204|22.0|as-22 com-22 da-22 de-22 em-22 favor-22 ou-22 para-22 que-22 resposta-22
205|8.0|0800-8 19h30-8 241521-8 642-8 7h30-8 9782-8 acessando-8 acessar-8 agência-8 anvisa-8
206|3.0|0800-3 19h30-3 241521-3 642-3 7h30-3 9782-3 acessando-3 acessar-3 agência-3 anvisa-3
207|21.0|de-21 em-21 ldquo-21 rdquo-21 as-20 com-20 da-20 enviar-20 favor-20 no-20
208|3.0|0800-3 19h30-3 241521-3 642-3 7h30-3 9782-3 acessando-3 acessar-3 agência-3 alimentares-3
209|36.0|de-36 ldquo-35 rdquo-35 segunda-35 anvisa-34 da-34 em-34 este-34 favor-34 ou-34
210|9.0|0800-9 19h30-9 241521-9 642-9 7h30-9 9782-9 acessando-9 acessar-9 agência-9 anvisa-9
211|16.0|0800-16 19h30-16 642-16 7h30-16 9782-16 acessar-16 agência-16 anvisa-16 anvisa_oficial-16 apenas-16
212|13.0|0800-13 19h30-13 241521-13 642-13 7h30-13 9782-13 acessando-13 acessar-13 agência-13 anvisa-13
213|17.0|de-17 da-14 ldquo-14 que-14 rdquo-14 no-13 para-13 sanitária-13 segunda-13 anvisa-12
214|23.0|0800-23 19h30-23 241521-23 642-23 7h30-23 9782-23 acessando-23 acessar-23 agência-23 anvisa-23
215|11.0|da-11 de-11 enviar-11 favor-11 que-11 sua-11 0800-10 19h30-10 241521-10 642-10
216|11.0|0800-11 19h30-11 241521-11 642-11 7h30-11 9782-11 acessando-11 acessar-11 agência-11 anvisa-11
217|6.0|0800-6 19h30-6 241521-6 642-6 7h30-6 9782-6 acessando-6 acessar-6 agência-6 anvisa-6
218|13.0|0800-13 19h30-13 241521-13 642-13 7h30-13 9782-13 acessando-13 acessar-13 agência-13 anvisa-13
219|14.0|0800-14 19h30-14 241521-14 642-14 7h30-14 9782-14 acessando-14 acessar-14 agência-14 anvisa-14
220|12.0|0800-12 19h30-12 241521-12 642-12 7h30-12 9782-12 acessando-12 acessar-12 agência-12 anvisa-12
221|6.0|0800-6 19h30-6 241521-6 642-6 7h30-6 9782-6 acessando-6 acessar-6 agência-6 anvisa-6
222|10.0|0800-10 19h30-10 642-10 7h30-10 9782-10 acessar-10 agência-10 anvisa-10 anvisa_oficial-10 apenas-10
223|20.0|de-20 ldquo-20 rdquo-20 0800-19 19h30-19 241521-19 642-19 7h30-19 9782-19 acessando-19
224|13.0|de-13 ldquo-13 rdquo-13 segunda-13 0800-12 19h30-12 241521-12 642-12 7h30-12 9782-12
225|7.0|de-7 ldquo-7 rdquo-7 segunda-7 0800-6 19h30-6 241521-6 642-6 7h30-6 9782-6
226|17.0|0800-17 19h30-17 241521-17 642-17 7h30-17 9782-17 acessando-17 acessar-17 agência-17 anvisa-17
227|4.0|0800-4 19h30-4 241521-4 642-4 7h30-4 9782-4 acessando-4 acessar-4 agência-4 anvisa-4
228|21.0|0800-21 19h30-21 241521-21 642-21 7h30-21 9782-21 acessando-21 acessar-21 agência-21 anvisa-21
229|5.0|0800-5 19h30-5 241521-5 642-5 7h30-5 9782-5 acessando-5 acessar-5 agência-5 anvisa-5
230|8.0|0800-8 19h30-8 241521-8 642-8 7h30-8 9782-8 acessando-8 acessar-8 agência-8 anvisa-8
231|88.0|de-88 ldquo-88 rdquo-88 da-86 segunda-86 0800-85 19h30-85 642-85 7h30-85 9782-85
232|7.0|para-7 resposta-7 0800-6 19h30-6 241521-6 642-6 7h30-6 9782-6 acessando-6 acessar-6
233|32.0|0800-32 19h30-32 642-32 7h30-32 9782-32 acessar-32 agência-32 anvisa-32 anvisa_oficial-32 apenas-32
234|9.0|anvisa-9 as-9 atenciosamente-9 com-9 da-9 de-9 em-9 enviar-9 favor-9 informamos-9
235|38.0|anvisa-38 as-38 atenciosamente-38 com-38 da-38 das-38 de-38 em-38 enviar-38 favor-38
236|113.0|para-113 da-112 de-112 no-112 resposta-112 0800-111 19h30-111 241521-111 642-111 7h30-111
237|57.0|as-57 caso-57 com-57 da-57 de-57 em-57 enviar-57 está-57 favor-57 feitas-57
238|27.0|de-27 em-27 para-27 0800-26 19h30-26 241521-26 642-26 7h30-26 9782-26 acessando-26
239|6.0|0800-6 19h30-6 241521-6 642-6 7h30-6 9782-6 acessando-6 acessar-6 agência-6 anvisa-6
240|11.0|0800-11 19h30-11 241521-11 642-11 7h30-11 9782-11 acessando-11 acessar-11 agência-11 anvisa-11
241|2.0|0800-2 19h30-2 2014-2 241521-2 55-2 642-2 7h30-2 9782-2 acessando-2 acessar-2
242|37.0|de-37 ldquo-36 rdquo-36 segunda-36 as-35 atenção-35 com-35 da-35 em-35 enviar-35
243|417.0|de-415 com-411 da-411 favor-411 as-410 em-410 enviar-410 resposta-410 para-409 ser-409
244|15.0|0800-15 19h30-15 642-15 7h30-15 9782-15 acessar-15 agência-15 anvisa-15 anvisa_oficial-15 apenas-15
245|90.0|0800-90 19h30-90 241521-90 642-90 7h30-90 9782-90 acessando-90 acessar-90 agência-90 anvisa-90
246|8.0|0800-8 19h30-8 241521-8 642-8 7h30-8 9782-8 acessando-8 acessar-8 agência-8 anvisa-8
247|43.0|de-43 ldquo-41 rdquo-41 segunda-41 com-40 em-40 que-40 anvisa-39 as-39 atenciosamente-39
248|17.0|de-17 ldquo-17 rdquo-17 anvisa-16 atenciosamente-16 da-16 em-16 este-16 está-16 no-16
249|62.0|as-60 da-60 de-60 favor-60 no-60 resposta-60 ser-60 anvisa-59 com-59 enviar-59
250|55.0|de-55 as-51 com-51 da-51 em-51 ldquo-51 que-51 rdquo-51 enviar-50 favor-50
251|2.0|0800-2 19h30-2 241521-2 642-2 7h30-2 9782-2 acessando-2 acessar-2 agência-2 anvisa-2
252|88.0|de-88 com-87 da-87 em-87 favor-87 para-87 resposta-87 as-86 atenciosamente-86 enviar-86
253|10.0|de-10 ldquo-10 rdquo-10 0800-9 19h30-9 241521-9 642-9 7h30-9 9782-9 acessando-9
254|7.0|0800-6 19h30-6 241521-6 642-6 7h30-6 9782-6 acessando-6 acessar-6 agência-6 anvisa-6
255|44.0|de-44 ldquo-42 rdquo-42 segunda-39 as-38 com-38 da-38 em-38 enviar-38 favor-38
256|9.0|0800-9 19h30-9 241521-9 642-9 7h30-9 9782-9 acessando-9 acessar-9 agência-9 anvisa-9
257|3.0|0800-3 19h30-3 241521-3 642-3 7h30-3 9782-3 acessando-3 acessar-3 agência-3 anvisa-3
258|60.0|de-60 que-60 está-59 anvisa-58 apenas-58 as-58 atenciosamente-58 caso-58 com-58 da-58
259|18.0|de-18 ldquo-18 rdquo-18 segunda-18 0800-17 19h30-17 642-17 7h30-17 9782-17 acessar-17
260|28.0|0800-28 19h30-28 241521-28 642-28 7h30-28 9782-28 acessando-28 acessar-28 agência-28 anvisa-28
261|22.0|0800-22 19h30-22 241521-22 642-22 7h30-22 9782-22 acessando-22 acessar-22 agência-22 anvisa-22
262|10.0|0800-10 19h30-10 241521-10 642-10 7h30-10 9782-10 acessando-10 acessar-10 agência-10 anvisa-10
263|190.0|de-188 para-185 resposta-185 as-184 com-184 da-183 favor-183 ldquo-183 rdquo-183 segunda-183
264|14.0|de-14 ldquo-14 rdquo-14 anvisa-13 as-13 atenção-13 br-13 caso-13 com-13 da-13
265|11.0|anvisa-11 atenção-11 caso-11 da-11 de-11 deseje-11 em-11 endereço-11 no-11 ou-11
266|6.0|0800-6 19h30-6 241521-6 642-6 7h30-6 9782-6 acessando-6 acessar-6 agência-6 anvisa-6
267|89.0|de-88 ldquo-85 rdquo-85 as-83 com-83 da-83 em-83 enviar-83 favor-83 para-83
268|14.0|de-14 ldquo-14 rdquo-14 segunda-14 0800-10 19h30-10 241521-10 642-10 7h30-10 9782-10
269|9.0|as-9 com-9 da-9 de-9 em-9 enviar-9 favor-9 ldquo-9 ou-9 para-9
270|9.0|as-9 atenção-9 com-9 da-9 de-9 em-9 enviar-9 favor-9 para-9 por-9
271|32.0|anvisa-32 as-32 com-32 da-32 de-32 em-32 enviar-32 favor-32 para-32 resposta-32
272|5.0|de-5 ldquo-5 rdquo-5 sanitária-5 0800-4 19h30-4 241521-4 642-4 7h30-4 9782-4
273|3.0|anvisa-3 atenciosamente-3 br-3 da-3 das-3 de-3 em-3 endereço-3 enviar-3 está-3
274|4.0|0800-4 19h30-4 241521-4 276-4 642-4 7h30-4 9782-4 acessando-4 acessar-4 agência-4
275|11.0|0800-11 19h30-11 241521-11 642-11 7h30-11 9782-11 acessando-11 acessar-11 agência-11 anvisa-11
276|7.0|agência-7 anvisa-7 apenas-7 atenciosamente-7 br-7 caso-7 com-7 contato-7 da-7 das-7
277|14.0|0800-14 19h30-14 241521-14 642-14 7h30-14 9782-14 acessando-14 acessar-14 agência-14 anvisa-14
278|5.0|0800-5 19h30-5 241521-5 642-5 7h30-5 9782-5 acessando-5 acessar-5 agência-5 anvisa-5
279|4.0|0800-4 19h30-4 241521-4 642-4 7h30-4 9782-4 acessando-4 acessar-4 agência-4 anvisa-4
280|10.0|0800-10 19h30-10 241521-10 642-10 7h30-10 9782-10 acessando-10 acessar-10 agência-10 anvisa-10
281|1.0|0800-1 1999-1 19h30-1 20-1 2007-1 241521-1 642-1 7h30-1 832-1 9782-1
282|12.0|anvisa-12 as-12 atenciosamente-12 caso-12 com-12 da-12 de-12 em-12 enviar-12 favor-12
283|12.0|0800-12 19h30-12 642-12 7h30-12 9782-12 acessar-12 agência-12 anvisa-12 anvisa_oficial-12 apenas-12
284|5.0|0800-5 19h30-5 241521-5 642-5 7h30-5 9782-5 acessando-5 acessar-5 agência-5 anvisa-5
285|8.0|0800-8 19h30-8 241521-8 642-8 7h30-8 9782-8 acessando-8 acessar-8 agência-8 anvisa-8
286|16.0|de-16 ldquo-15 rdquo-15 sanitária-15 as-14 com-14 contato-14 da-14 em-14 entrar-14
287|9.0|0800-9 19h30-9 642-9 7h30-9 9782-9 acessar-9 agência-9 anvisa-9 anvisa_oficial-9 apenas-9
288|8.0|0800-8 19h30-8 241521-8 642-8 7h30-8 9782-8 acessando-8 acessar-8 agência-8 anvisa-8
289|31.0|anvisa-31 as-31 atenciosamente-31 com-31 contato-31 da-31 de-31 em-31 enviar-31 favor-31
